ClickBank Account_id,Nicho, Product Name/SKU,Quantidade,Valor,Product Type,Sales page,Checkout,Thanks Page,Drive,Shipping Profiles,Status
burnthermo,Diabetes,GlycoPulse-1-UP2-V1,1,"$29,00",Upsell 2,https://getthermoburn.com/up02-cb,https://burnthermo.pay.clickbank.net/?cbitems=GlycoPulse-1-UP2-V1,https://getthermoburn.com/thanks/,https://drive.google.com/drive/folders/1XopPhAGKRZVYhpmdYYd_-iyUNMtw2qsJ,Configurado,Ativo
burnthermo,Diabetes,GlycoPulse-2-UP2,2,"$118,00",Upsell 2,https://getthermoburn.com/up02-cb/,https://burnthermo.pay.clickbank.net/?cbitems=GlycoPulse-2-UP2,https://getthermoburn.com/thanks/,https://drive.google.com/drive/folders/1XopPhAGKRZVYhpmdYYd_-iyUNMtw2qsJ,Configurado,Ativo
burnthermo,Diabetes,GlycoPulse-2-UP2-V1,2,"$58,00",Upsell 2,https://getthermoburn.com/up02-cb,https://burnthermo.pay.clickbank.net/?cbitems=GlycoPulse-2-UP2-V1,https://getthermoburn.com/thanks/,https://drive.google.com/drive/folders/1XopPhAGKRZVYhpmdYYd_-iyUNMtw2qsJ,Configurado,Ativo
burnthermo,Diabetes,GlycoPulse-3-UP2,3,"$129,00",Upsell 2,https://getthermoburn.com/up02-cb/,https://burnthermo.pay.clickbank.net/?cbitems=GlycoPulse-3-UP2 ,https://getthermoburn.com/thanks/,https://drive.google.com/drive/folders/1XopPhAGKRZVYhpmdYYd_-iyUNMtw2qsJ,Configurado,Ativo
burnthermo,Diabetes,GlycoPulse-3-UP2-V1,3,"$87,00",Upsell 2,https://getthermoburn.com/up02-cb,https://burnthermo.pay.clickbank.net/?cbitems=GlycoPulse-3-UP2-V1,https://getthermoburn.com/thanks/,https://drive.google.com/drive/folders/1XopPhAGKRZVYhpmdYYd_-iyUNMtw2qsJ,Configurado,Ativo
burnthermo,Diabetes,GlycoPulse-6-UP2,6,"$199,00",Upsell 2,https://getthermoburn.com/up02-cb/,https://burnthermo.pay.clickbank.net/?cbitems=GlycoPulse-6-UP2,https://getthermoburn.com/thanks/,https://drive.google.com/drive/folders/1XopPhAGKRZVYhpmdYYd_-iyUNMtw2qsJ,Configurado,Ativo
burnthermo,Emagrecimento,ThermoBurnPro-12-UP1-V1,12,"$348,00",Upsell 1,https://getthermoburn.com/up01-cb,https://burnthermo.pay.clickbank.net/?cbitems=ThermoBurnPro-12-UP1-V1,https://getthermoburn.com/thanks/,https://drive.google.com/drive/folders/1pu6YLxFIysmYdIOh2IqtHAa7L_ECxrle,Configurado,Ativo
burnthermo,Emagrecimento,ThermoBurnPro-2-FE,2,"$158,00",Front-End,https://getthermoburn.com/front-cb/,https://burnthermo.pay.clickbank.net/?cbitems=ThermoBurnPro-2-FE,https://getthermoburn.com/thanks/,https://drive.google.com/drive/folders/1pu6YLxFIysmYdIOh2IqtHAa7L_ECxrle,Configurado,Ativo
burnthermo,Emagrecimento,ThermoBurnPro-2-UP1-V1,2,"$98,00",Upsell 1,https://getthermoburn.com/up01-cb-kit2,https://burnthermo.pay.clickbank.net/?cbitems=ThermoBurnPro-2-UP1-V1,https://getthermoburn.com/thanks/,https://drive.google.com/drive/folders/1pu6YLxFIysmYdIOh2IqtHAa7L_ECxrle,Configurado,Ativo
burnthermo,Emagrecimento,ThermoBurnPro-3-DW1,3,"$49,50",Downsell,https://getthermoburn.com/dw01-cb,https://burnthermo.pay.clickbank.net/?cbitems=ThermoBurnPro-3-DW1,https://getthermoburn.com/thanks/,https://drive.google.com/drive/folders/1pu6YLxFIysmYdIOh2IqtHAa7L_ECxrle,Configurado,Ativo
burnthermo,Emagrecimento,ThermoBurnPro-3-FE,3,"$207,00",Front-End,https://getthermoburn.com/front-cb/,https://burnthermo.pay.clickbank.net/?cbitems=ThermoBurnPro-3-FE,https://getthermoburn.com/thanks/,https://drive.google.com/drive/folders/1pu6YLxFIysmYdIOh2IqtHAa7L_ECxrle,Configurado,Ativo
burnthermo,Emagrecimento,ThermoBurnPro-3-UP1-V1,3,"$117,00",Upsell 1,https://getthermoburn.com/up01-cb-kit2,https://burnthermo.pay.clickbank.net/?cbitems=ThermoBurnPro-3-UP1-V1,https://getthermoburn.com/thanks/,https://drive.google.com/drive/folders/1pu6YLxFIysmYdIOh2IqtHAa7L_ECxrle,Configurado,Ativo
burnthermo,Emagrecimento,ThermoBurnPro-5-DW1,5,"$69,00",Downsell,https://getthermoburn.com/dw01-cb,https://burnthermo.pay.clickbank.net/?cbitems=ThermoBurnPro-5-DW1,https://getthermoburn.com/thanks/,https://drive.google.com/drive/folders/1pu6YLxFIysmYdIOh2IqtHAa7L_ECxrle,Configurado,Ativo
burnthermo,Emagrecimento,ThermoBurnPro-6-FE,6,"$294,00",Front-End,https://getthermoburn.com/front-cb/,https://burnthermo.pay.clickbank.net/?cbitems=ThermoBurnPro-6-FE,https://getthermoburn.com/thanks/,https://drive.google.com/drive/folders/1pu6YLxFIysmYdIOh2IqtHAa7L_ECxrle,Configurado,Ativo
burnthermo,Emagrecimento,ThermoBurnPro-6-UP1,6,"$234,00",Upsell 1,https://getthermoburn.com/up01-cb/,https://burnthermo.pay.clickbank.net/?cbitems=ThermoBurnPro-6-UP1,https://getthermoburn.com/thanks/,https://drive.google.com/drive/folders/1pu6YLxFIysmYdIOh2IqtHAa7L_ECxrle,Configurado,Ativo
burnthermo,Emagrecimento,ThermoBurnPro-6-UP1-V1,6,"$174,00",Upsell 1,https://getthermoburn.com/up01-cb-kit2,https://burnthermo.pay.clickbank.net/?cbitems=ThermoBurnPro-6-UP1-V1,https://getthermoburn.com/thanks/,https://drive.google.com/drive/folders/1pu6YLxFIysmYdIOh2IqtHAa7L_ECxrle,Configurado,Ativo
burnthermo,Emagrecimento,ThermoBurnPro-6-UP1-V2,6,"$294,00",Upsell 1,https://getthermoburn.com/up01-cb,https://burnthermo.pay.clickbank.net/?cbitems=ThermoBurnPro-6-UP1-V2,https://getthermoburn.com/thanks/,https://drive.google.com/drive/folders/1pu6YLxFIysmYdIOh2IqtHAa7L_ECxrle,Configurado,Ativo
burnthermo,Emagrecimento,ThermoBurnPro-9-UP1-V1,9,"$351,00",Upsell 1,https://getthermoburn.com/up01-cb,https://burnthermo.pay.clickbank.net/?cbitems=ThermoBurnPro-9-UP1-V1,https://getthermoburn.com/thanks/,https://drive.google.com/drive/folders/1pu6YLxFIysmYdIOh2IqtHAa7L_ECxrle,Configurado,Ativo
,,,,,,,,,,,
glycopulse,Diabetes,GlycoPulse-2-FE,2,"$158,00",Front-End,https://getglycopulse.com/front-cb/,https://glycopulse.pay.clickbank.net/?cbitems=GlycoPulse-2-FE,https://getglycopulse.com/thanks/,https://drive.google.com/drive/folders/1XopPhAGKRZVYhpmdYYd_-iyUNMtw2qsJ,Configurado,Ativo
glycopulse,Diabetes,GlycoPulse-3-FE,3,"$207,00",Front-End,https://getglycopulse.com/front-cb/,https://glycopulse.pay.clickbank.net/?cbitems=GlycoPulse-3-FE,https://getglycopulse.com/thanks/,https://drive.google.com/drive/folders/1XopPhAGKRZVYhpmdYYd_-iyUNMtw2qsJ,Configurado,Ativo
glycopulse,Diabetes,GlycoPulse-6-FE,6,"$294,00",Front-End,https://getglycopulse.com/front-cb/,https://glycopulse.pay.clickbank.net/?cbitems=GlycoPulse-6-FE,https://getglycopulse.com/thanks/,https://drive.google.com/drive/folders/1XopPhAGKRZVYhpmdYYd_-iyUNMtw2qsJ,Configurado,Ativo
glycopulse,Diabetes,GlycoPulse-6-up1,6,"$234,00",Upsell 1,https://getglycopulse.com/up01-cb/,https://glycopulse.pay.clickbank.net/?cbitems=GlycoPulse-6-up1,https://getglycopulse.com/thanks/,https://drive.google.com/drive/folders/1XopPhAGKRZVYhpmdYYd_-iyUNMtw2qsJ,Configurado,Ativo
glycopulse,Emagrecimento,ThermoBurnPro-2-up2,2,"$59,66",Upsell 2,https://getglycopulse.com/up02-cb/,https://glycopulse.pay.clickbank.net/?cbitems=ThermoBurnPro-2-up2,https://getglycopulse.com/thanks/,https://drive.google.com/drive/folders/1pu6YLxFIysmYdIOh2IqtHAa7L_ECxrle,Configurado,Ativo
glycopulse,Emagrecimento,ThermoBurnPro-3-up2,3,"$129,00",Upsell 2,https://getglycopulse.com/up02-cb/,https://glycopulse.pay.clickbank.net/?cbitems=ThermoBurnPro-3-up2,https://getglycopulse.com/thanks/,https://drive.google.com/drive/folders/1pu6YLxFIysmYdIOh2IqtHAa7L_ECxrle,Configurado,Ativo
glycopulse,Emagrecimento,ThermoBurnPro-6-up2,6,"$199,00",Upsell 2,https://getglycopulse.com/up02-cb/,https://glycopulse.pay.clickbank.net/?cbitems=ThermoBurnPro-6-up2,https://getglycopulse.com/thanks/,https://drive.google.com/drive/folders/1pu6YLxFIysmYdIOh2IqtHAa7L_ECxrle,Configurado,Ativo
,,,,,,,,,,,
maxvitaliz,ED,MaxVitalize-12-UP1-vsnova,12,"$348,00",Upsell 1,https://getmaxvitalize.com/up01-cb/,https://maxvitaliz.pay.clickbank.net/?cbitems=MaxVitalize-12-UP1-vsnova,https://getmaxvitalize.com/thanks,https://drive.google.com/drive/folders/155S905JKJ-ZDzLPdTSGeVw3M-FkZvfEj,Configurado,Ativo
maxvitaliz,ED,MaxVitalize-2-FE,2,"$158,00",Front-End,https://getmaxvitalize.com/front-cb/,https://maxvitaliz.pay.clickbank.net/?cbitems=MaxVitalize-2-FE,https://getmaxvitalize.com/thanks,https://drive.google.com/drive/folders/155S905JKJ-ZDzLPdTSGeVw3M-FkZvfEj,Configurado,Ativo
maxvitaliz,ED,MaxVitalize-2-UP1-vsnova,2,"$98,00",Upsell 1,https://getmaxvitalize.com/front-cb/,https://maxvitaliz.pay.clickbank.net/?cbitems=MaxVitalize-2-UP1-vsnova,https://getmaxvitalize.com/thanks,https://drive.google.com/drive/folders/155S905JKJ-ZDzLPdTSGeVw3M-FkZvfEj,Configurado,Ativo
maxvitaliz,ED,MaxVitalize-2e1-RC,3,"$158,00",SMS Recovery,https://getmaxvitalize.com/sms-cb,https://maxvitaliz.pay.clickbank.net/?cbitems=MaxVitalize-2e1-RC,https://getmaxvitalize.com/thanks,https://drive.google.com/drive/folders/155S905JKJ-ZDzLPdTSGeVw3M-FkZvfEj,Configurado,Ativo
maxvitaliz,ED,MaxVitalize-3-DW1,3,"$120,00",Downsell,https://getmaxvitalize.com/front-cb/,https://maxvitaliz.pay.clickbank.net/?cbitems=MaxVitalize-3-DW1 ,https://getmaxvitalize.com/thanks,https://drive.google.com/drive/folders/155S905JKJ-ZDzLPdTSGeVw3M-FkZvfEj,Configurado,Ativo
maxvitaliz,ED,MaxVitalize-3-DW1-vsnova,3,"$49,50",Downsell,https://getmaxvitalize.com/dw01-cb/,https://maxvitaliz.pay.clickbank.net/?cbitems=MaxVitalize-3-DW1-vsnova,https://getmaxvitalize.com/thanks,https://drive.google.com/drive/folders/155S905JKJ-ZDzLPdTSGeVw3M-FkZvfEj,Configurado,Ativo
maxvitaliz,ED,MaxVitalize-3-FE,3,"$207,00",Front-End,https://getmaxvitalize.com/front-cb/,https://maxvitaliz.pay.clickbank.net/?cbitems=MaxVitalize-3-FE,https://getmaxvitalize.com/thanks,https://drive.google.com/drive/folders/155S905JKJ-ZDzLPdTSGeVw3M-FkZvfEj,Configurado,Ativo
maxvitaliz,ED,MaxVitalize-3-UP1-vsnova,3,"$117,00",Upsell 1,https://getmaxvitalize.com/front-cb/,https://maxvitaliz.pay.clickbank.net/?cbitems=MaxVitalize-3-UP1-vsnova,https://getmaxvitalize.com/thanks,https://drive.google.com/drive/folders/155S905JKJ-ZDzLPdTSGeVw3M-FkZvfEj,Configurado,Ativo
maxvitaliz,ED,MaxVitalize-3e1-RC,4,"$207,00",SMS Recovery,https://getmaxvitalize.com/sms-cb,https://maxvitaliz.pay.clickbank.net/?cbitems=MaxVitalize-3e1-RC,https://getmaxvitalize.com/thanks,https://drive.google.com/drive/folders/155S905JKJ-ZDzLPdTSGeVw3M-FkZvfEj,Configurado,Ativo
maxvitaliz,ED,MaxVitalize-5-DW1-vsnova,5,"$69,00",Downsell,https://getmaxvitalize.com/dw01-cb/,https://maxvitaliz.pay.clickbank.net/?cbitems=MaxVitalize-5-DW1-vsnova ,https://getmaxvitalize.com/thanks,https://drive.google.com/drive/folders/155S905JKJ-ZDzLPdTSGeVw3M-FkZvfEj,Configurado,Ativo
maxvitaliz,ED,MaxVitalize-6-FE,6,"$294,00",Front-End,https://getmaxvitalize.com/front-cb/,https://maxvitaliz.pay.clickbank.net/?cbitems=MaxVitalize-6-FE,https://getmaxvitalize.com/thanks,https://drive.google.com/drive/folders/155S905JKJ-ZDzLPdTSGeVw3M-FkZvfEj,Configurado,Ativo
maxvitaliz,ED,MaxVitalize-6-UP1,6,"$234,00",Upsell 1,https://getmaxvitalize.com/up01-cb/,https://maxvitaliz.pay.clickbank.net/?cbitems=MaxVitalize-6-UP1 ,https://getmaxvitalize.com/thanks,https://drive.google.com/drive/folders/155S905JKJ-ZDzLPdTSGeVw3M-FkZvfEj,Configurado,Ativo
maxvitaliz,ED,MaxVitalize-6-UP1-vs2,6,"$144,00",Upsell 1,https://getmaxvitalize.com/front-cb/,https://maxvitaliz.pay.clickbank.net/?cbitems=MaxVitalize-6-UP1-vs2,https://getmaxvitalize.com/thanks,https://drive.google.com/drive/folders/155S905JKJ-ZDzLPdTSGeVw3M-FkZvfEj,Configurado,Ativo
maxvitaliz,ED,MaxVitalize-6-UP1-vsnova,6,"$174,00",Upsell 1,https://getmaxvitalize.com/up01-cb/,https://maxvitaliz.pay.clickbank.net/?cbitems=MaxVitalize-6-UP1-vsnova,https://getmaxvitalize.com/thanks,https://drive.google.com/drive/folders/155S905JKJ-ZDzLPdTSGeVw3M-FkZvfEj,Configurado,Ativo
maxvitaliz,ED,MaxVitalize-6e2-RC,8,"$294,00",SMS Recovery,https://getmaxvitalize.com/sms-cb,https://maxvitaliz.pay.clickbank.net/?cbitems=MaxVitalize-6e2-RC,https://getmaxvitalize.com/thanks,https://drive.google.com/drive/folders/155S905JKJ-ZDzLPdTSGeVw3M-FkZvfEj,Configurado,Ativo
maxvitaliz,ED,MaxVitalize-9-UP1,9,"$351,00",Upsell 1,https://getmaxvitalize.com/up01-cb/,https://maxvitaliz.pay.clickbank.net/?cbitems=MaxVitalize-9-UP1,https://getmaxvitalize.com/thanks,https://drive.google.com/drive/folders/155S905JKJ-ZDzLPdTSGeVw3M-FkZvfEj,Configurado,Ativo
maxvitaliz,Emagrecimento,ThermoBurnPro-2-up2,2,"$118,00",Upsell 2,https://getmaxvitalize.com/up02-cb/,https://maxvitaliz.pay.clickbank.net/?cbitems=ThermoBurnPro-2-up2,https://getmaxvitalize.com/thanks,https://drive.google.com/drive/folders/1pu6YLxFIysmYdIOh2IqtHAa7L_ECxrle,Configurado,Ativo
maxvitaliz,Emagrecimento,ThermoBurnPro-3-up2,3,"$129,00",Upsell 2,https://getmaxvitalize.com/up02-cb/,https://maxvitaliz.pay.clickbank.net/?cbitems=ThermoBurnPro-3-up2,https://getmaxvitalize.com/thanks,https://drive.google.com/drive/folders/1pu6YLxFIysmYdIOh2IqtHAa7L_ECxrle,Configurado,Ativo
maxvitaliz,Emagrecimento,ThermoBurnPro-6-up2,6,"$199,00",Upsell 2,https://getmaxvitalize.com/up02-cb/,https://maxvitaliz.pay.clickbank.net/?cbitems=ThermoBurnPro-6-up2,https://getmaxvitalize.com/thanks,https://drive.google.com/drive/folders/1pu6YLxFIysmYdIOh2IqtHAa7L_ECxrle,Configurado,Ativo
,,,,,,,,,,,
neurompro,Diabetes,GlycoPulse-1-UP2,1,"$29,00",Upsell 2,https://getneuromindpro.online/up02-cb/,https://neurompro.pay.clickbank.net/?cbitems=GlycoPulse-1-UP2,https://getneuromindpro.online/thanks/,https://drive.google.com/drive/folders/1XopPhAGKRZVYhpmdYYd_-iyUNMtw2qsJ,Configurado,Ativo
neurompro,Diabetes,GlycoPulse-2-UP2,2,"$58,00",Upsell 2,https://getneuromindpro.online/up02-cb/,https://neurompro.pay.clickbank.net/?cbitems=GlycoPulse-2-UP2,https://getneuromindpro.online/thanks/,https://drive.google.com/drive/folders/1XopPhAGKRZVYhpmdYYd_-iyUNMtw2qsJ,Configurado,Ativo
neurompro,Diabetes,GlycoPulse-3-UP2,3,"$87,00",Upsell 2,https://getneuromindpro.online/up02-cb/,https://neurompro.pay.clickbank.net/?cbitems=GlycoPulse-3-UP2,https://getneuromindpro.online/thanks/,https://drive.google.com/drive/folders/1XopPhAGKRZVYhpmdYYd_-iyUNMtw2qsJ,Configurado,Ativo
neurompro,Memória,NeuroMindPro-2-FE,2,"$158,00",Front-End,https://getneuromindpro.online/front-cb/,https://neurompro.pay.clickbank.net/?cbitems=NeuroMindPro-2-FE,https://getneuromindpro.online/thanks/,https://drive.google.com/drive/folders/13M0bDw6xShPeM1vJn4o9RLtmSehmprYl,Configurado,Ativo
neurompro,Memória,NeuroMindPro-2e1-RC,3,"$158,00",SMS Recovery,https://getneuromindpro.online/sms-cb,https://neurompro.pay.clickbank.net/?cbitems=NeuroMindPro-2e1-RC,https://getneuromindpro.online/thanks/,https://drive.google.com/drive/folders/13M0bDw6xShPeM1vJn4o9RLtmSehmprYl,Configurado,Ativo
neurompro,Memória,NeuroMindPro-3-DW1,3,"$120,00",Downsell,https://getneuromindpro.online/front-cb/,https://neurompro.pay.clickbank.net/?cbitems=NeuroMindPro-3-DW1,https://getneuromindpro.online/thanks/,https://drive.google.com/drive/folders/13M0bDw6xShPeM1vJn4o9RLtmSehmprYl,Configurado,Ativo
neurompro,Memória,NeuroMindPro-3-DW1-V1,3,"$49,50",Downsell,https://getneuromindpro.online/dw01-cb/,https://neurompro.pay.clickbank.net/?cbitems=NeuroMindPro-3-DW1-V1,https://getneuromindpro.online/thanks/,https://drive.google.com/drive/folders/13M0bDw6xShPeM1vJn4o9RLtmSehmprYl,Configurado,Ativo
neurompro,Memória,NeuroMindPro-3-FE,3,"$207,00",Front-End,https://getneuromindpro.online/front-cb/,https://neurompro.pay.clickbank.net/?cbitems=NeuroMindPro-3-FE,https://getneuromindpro.online/thanks/,https://drive.google.com/drive/folders/13M0bDw6xShPeM1vJn4o9RLtmSehmprYl,Configurado,Ativo
neurompro,Memória,NeuroMindPro-3e1-RC,4,"$207,00",SMS Recovery,https://getneuromindpro.online/sms-cb,https://neurompro.pay.clickbank.net/?cbitems=NeuroMindPro-3e1-RC,https://getneuromindpro.online/thanks/,https://drive.google.com/drive/folders/13M0bDw6xShPeM1vJn4o9RLtmSehmprYl,Configurado,Ativo
neurompro,Memória,NeuroMindPro-5-DW1-V1,5,"$69,00",Downsell,https://getneuromindpro.online/dw01-cb/,https://neurompro.pay.clickbank.net/?cbitems=NeuroMindPro-5-DW1-V1,https://getneuromindpro.online/thanks/,https://drive.google.com/drive/folders/13M0bDw6xShPeM1vJn4o9RLtmSehmprYl,Configurado,Ativo
neurompro,Memória,NeuroMindPro-6-FE,6,"$294,00",Front-End,https://getneuromindpro.online/front-cb/,https://neurompro.pay.clickbank.net/?cbitems=NeuroMindPro-6-FE,https://getneuromindpro.online/thanks/,https://drive.google.com/drive/folders/13M0bDw6xShPeM1vJn4o9RLtmSehmprYl,Configurado,Ativo
neurompro,Memória,NeuroMindPro-6-FE-vs2,6,"$144,00",Front-End,https://getneuromindpro.online/front-cb/,https://neurompro.pay.clickbank.net/?cbitems=NeuroMindPro-6-FE-vs2,https://getneuromindpro.online/thanks/,https://drive.google.com/drive/folders/13M0bDw6xShPeM1vJn4o9RLtmSehmprYl,Configurado,Ativo
neurompro,Memória,NeuroMindPro-6-UP1,6,"$234,00",Upsell 1,https://getneuromindpro.online/up01-cb/,https://neurompro.pay.clickbank.net/?cbitems=NeuroMindPro-6-UP1,https://getneuromindpro.online/thanks/,https://drive.google.com/drive/folders/13M0bDw6xShPeM1vJn4o9RLtmSehmprYl,Configurado,Ativo
neurompro,Memória,NeuroMindPro-6-UP1-vsnova,6,"$174,00",Upsell 1,https://getneuromindpro.online/up01-cb/,https://neurompro.pay.clickbank.net/?cbitems=NeuroMindPro-6-UP1-vsnova,https://getneuromindpro.online/thanks/,https://drive.google.com/drive/folders/13M0bDw6xShPeM1vJn4o9RLtmSehmprYl,Configurado,Ativo
neurompro,Memória,NeuroMindPro-6e2-RC,8,"$294,00",SMS Recovery,https://getneuromindpro.online/sms-cb,https://neurompro.pay.clickbank.net/?cbitems=NeuroMindPro-6e2-RC,https://getneuromindpro.online/thanks/,https://drive.google.com/drive/folders/13M0bDw6xShPeM1vJn4o9RLtmSehmprYl,Configurado,Ativo
neurompro,Emagrecimento,ThermoBurnPro-2-UP2,2,"$118,00",Upsell 2,https://getneuromindpro.online/up02-cb/,https://neurompro.pay.clickbank.net/?cbitems=ThermoBurnPro-2-UP2,https://getneuromindpro.online/thanks/,https://drive.google.com/drive/folders/1pu6YLxFIysmYdIOh2IqtHAa7L_ECxrle,Configurado,Ativo
neurompro,Emagrecimento,ThermoBurnPro-3-UP2,3,"$129,00",Upsell 2,https://getneuromindpro.online/up02-cb/,https://neurompro.pay.clickbank.net/?cbitems=ThermoBurnPro-3-UP2,https://getneuromindpro.online/thanks/,https://drive.google.com/drive/folders/1pu6YLxFIysmYdIOh2IqtHAa7L_ECxrle,Configurado,Ativo
neurompro,Emagrecimento,ThermoBurnPro-6-UP2,6,"$199,00",Upsell 2,https://getneuromindpro.online/up02-cb/,https://neurompro.pay.clickbank.net/?cbitems=ThermoBurnPro-6-UP2,https://getneuromindpro.online/thanks/,https://drive.google.com/drive/folders/1pu6YLxFIysmYdIOh2IqtHAa7L_ECxrle,Configurado,Ativo
,,,,,,,,,,,
VisionGuard,Visão,,,,,,,,https://drive.google.com/drive/folders/1NwE5sY-KtLBq3RuklcmWNXF7IinDYzO2,,ShipOffers
VisionGuard,Visão,,,,,,,,https://drive.google.com/drive/folders/1NwE5sY-KtLBq3RuklcmWNXF7IinDYzO2,,ShipOffers
VisionGuard,Visão,,,,,,,,https://drive.google.com/drive/folders/1NwE5sY-KtLBq3RuklcmWNXF7IinDYzO2,,ShipOffers
VisionGuard,Visão,,,,,,,,https://drive.google.com/drive/folders/1NwE5sY-KtLBq3RuklcmWNXF7IinDYzO2,,ShipOffers
VisionGuard,Visão,,,,,,,,https://drive.google.com/drive/folders/1NwE5sY-KtLBq3RuklcmWNXF7IinDYzO2,,ShipOffers
VisionGuard,Visão,,,,,,,,https://drive.google.com/drive/folders/1NwE5sY-KtLBq3RuklcmWNXF7IinDYzO2,,ShipOffers
,,,,,,,,,,,
NightCalm,Insônia,,,,,,,,https://drive.google.com/drive/folders/1IphvPG2kxDq5jiZnF-Tkw5bEg1w_mJXP,,ShipOffers
NightCalm,Insônia,,,,,,,,https://drive.google.com/drive/folders/1IphvPG2kxDq5jiZnF-Tkw5bEg1w_mJXP,,ShipOffers
NightCalm,Insônia,,,,,,,,https://drive.google.com/drive/folders/1IphvPG2kxDq5jiZnF-Tkw5bEg1w_mJXP,,ShipOffers
NightCalm,Insônia,,,,,,,,https://drive.google.com/drive/folders/1IphvPG2kxDq5jiZnF-Tkw5bEg1w_mJXP,,ShipOffers
NightCalm,Insônia,,,,,,,,https://drive.google.com/drive/folders/1IphvPG2kxDq5jiZnF-Tkw5bEg1w_mJXP,,ShipOffers
NightCalm,Insônia,,,,,,,,https://drive.google.com/drive/folders/1IphvPG2kxDq5jiZnF-Tkw5bEg1w_mJXP,,ShipOffers
,,,,,,,,,,,
QuietTone,Zumbido,,,,,,,,https://drive.google.com/drive/folders/1S-clUoxUF2lO0ywmH0VtzVhm2O0IXdCP,,ShipOffers
QuietTone,Zumbido,,,,,,,,https://drive.google.com/drive/folders/1S-clUoxUF2lO0ywmH0VtzVhm2O0IXdCP,,ShipOffers
QuietTone,Zumbido,,,,,,,,https://drive.google.com/drive/folders/1S-clUoxUF2lO0ywmH0VtzVhm2O0IXdCP,,ShipOffers
QuietTone,Zumbido,,,,,,,,https://drive.google.com/drive/folders/1S-clUoxUF2lO0ywmH0VtzVhm2O0IXdCP,,ShipOffers
QuietTone,Zumbido,,,,,,,,https://drive.google.com/drive/folders/1S-clUoxUF2lO0ywmH0VtzVhm2O0IXdCP,,ShipOffers
QuietTone,Zumbido,,,,,,,,https://drive.google.com/drive/folders/1S-clUoxUF2lO0ywmH0VtzVhm2O0IXdCP,,ShipOffers
,,,,,,,,,,,
DigestFlow,Intestino,,,,,,,,https://drive.google.com/drive/folders/1boIT3LqS12nic0OzBp8DRM9npjshvdoR,,ShipOffers
DigestFlow,Intestino,,,,,,,,https://drive.google.com/drive/folders/1boIT3LqS12nic0OzBp8DRM9npjshvdoR,,ShipOffers
DigestFlow,Intestino,,,,,,,,https://drive.google.com/drive/folders/1boIT3LqS12nic0OzBp8DRM9npjshvdoR,,ShipOffers
DigestFlow,Intestino,,,,,,,,https://drive.google.com/drive/folders/1boIT3LqS12nic0OzBp8DRM9npjshvdoR,,ShipOffers
DigestFlow,Intestino,,,,,,,,https://drive.google.com/drive/folders/1boIT3LqS12nic0OzBp8DRM9npjshvdoR,,ShipOffers
DigestFlow,Intestino,,,,,,,,https://drive.google.com/drive/folders/1boIT3LqS12nic0OzBp8DRM9npjshvdoR,,ShipOffers
,,,,,,,,,,,
ProstaFlow,Próstata,,,,,,,,https://drive.google.com/drive/folders/11is49EW-6Dya4HJfL-Dr2i0Rht4i_wiF,,ShipOffers
ProstaFlow,Próstata,,,,,,,,https://drive.google.com/drive/folders/11is49EW-6Dya4HJfL-Dr2i0Rht4i_wiF,,ShipOffers
ProstaFlow,Próstata,,,,,,,,https://drive.google.com/drive/folders/11is49EW-6Dya4HJfL-Dr2i0Rht4i_wiF,,ShipOffers
ProstaFlow,Próstata,,,,,,,,https://drive.google.com/drive/folders/11is49EW-6Dya4HJfL-Dr2i0Rht4i_wiF,,ShipOffers
ProstaFlow,Próstata,,,,,,,,https://drive.google.com/drive/folders/11is49EW-6Dya4HJfL-Dr2i0Rht4i_wiF,,ShipOffers
ProstaFlow,Próstata,,,,,,,,https://drive.google.com/drive/folders/11is49EW-6Dya4HJfL-Dr2i0Rht4i_wiF,,ShipOffers
,,,,,,,,,,,
NerveFlow,Neuropatia,,,,,,,,https://drive.google.com/drive/folders/1HnSo6d5JZbA5rl6oYCAjrelZ72qNbPC4,,ShipOffers
NerveFlow,Neuropatia,,,,,,,,https://drive.google.com/drive/folders/1HnSo6d5JZbA5rl6oYCAjrelZ72qNbPC4,,ShipOffers
NerveFlow,Neuropatia,,,,,,,,https://drive.google.com/drive/folders/1HnSo6d5JZbA5rl6oYCAjrelZ72qNbPC4,,ShipOffers
NerveFlow,Neuropatia,,,,,,,,https://drive.google.com/drive/folders/1HnSo6d5JZbA5rl6oYCAjrelZ72qNbPC4,,ShipOffers
NerveFlow,Neuropatia,,,,,,,,https://drive.google.com/drive/folders/1HnSo6d5JZbA5rl6oYCAjrelZ72qNbPC4,,ShipOffers
NerveFlow,Neuropatia,,,,,,,,https://drive.google.com/drive/folders/1HnSo6d5JZbA5rl6oYCAjrelZ72qNbPC4,,ShipOffers
,,,,,,,,,,,
FlexGuard,Articulações,,,,,,,,https://drive.google.com/drive/folders/1J-ykm6MbwaS8TOLLp7eWZcoSLjGxBX6-,,ShipOffers
FlexGuard,Articulações,,,,,,,,https://drive.google.com/drive/folders/1J-ykm6MbwaS8TOLLp7eWZcoSLjGxBX6-,,ShipOffers
FlexGuard,Articulações,,,,,,,,https://drive.google.com/drive/folders/1J-ykm6MbwaS8TOLLp7eWZcoSLjGxBX6-,,ShipOffers
FlexGuard,Articulações,,,,,,,,https://drive.google.com/drive/folders/1J-ykm6MbwaS8TOLLp7eWZcoSLjGxBX6-,,ShipOffers
FlexGuard,Articulações,,,,,,,,https://drive.google.com/drive/folders/1J-ykm6MbwaS8TOLLp7eWZcoSLjGxBX6-,,ShipOffers
FlexGuard,Articulações,,,,,,,,https://drive.google.com/drive/folders/1J-ykm6MbwaS8TOLLp7eWZcoSLjGxBX6-,,ShipOffers